{"schemaVersion":"1.0","appDefinitionTemplate":{"id":"/providers/Microsoft.PowerApps/apps/","type":"Microsoft.PowerApps/apps","tags":{"primaryDeviceWidth":"1366","primaryDeviceHeight":"768","sienaVersion":"20200618T070824Z-3.20053.24.0","deviceCapabilities":"","supportsPortrait":"false","supportsLandscape":"true","primaryFormFactor":"Tablet","publisherVersion":"3.20053.24","minimumRequiredApiVersion":"2.2.0","hasComponent":"false","hasUnlockedComponent":"false","isUnifiedRootApp":"false"},"properties":{"appVersion":"2020-06-18T07:08:24Z","lifeCycleId":"Published","createdByClientVersion":{"major":3,"minor":20053,"build":24,"revision":0,"majorRevision":0,"minorRevision":0},"minClientVersion":{"major":3,"minor":20053,"build":24,"revision":0,"majorRevision":0,"minorRevision":0},"backgroundColor":"rgba(37, 62, 143, 1)","backgroundImageUri":"/7206697084162575722/Ne9c3f7c7-3e2c-49ee-9996-797d40d67a20-logoSmallFile","displayName":"decode 非公式セッション検索アプリ","description":"","commitMessage":"","appUris":{"documentUri":{"value":"/7206697084162575722/N82d36be3-5719-4d59-b134-a7fb1bd51e4e-document.msapp","readonlyValue":"/7206697084162575722/N82d36be3-5719-4d59-b134-a7fb1bd51e4e-document.msapp"},"imageUris":[]},"createdTime":"0001-01-01T00:00:00Z","lastModifiedTime":"0001-01-01T00:00:00Z","sharedGroupsCount":0,"sharedUsersCount":0,"icons":{"smallIconUri":"/7206697084162575722/N9a55c11b-750a-41f3-afb8-2f7beec950ef-small.png","mediumIconUri":"/7206697084162575722/Ndbe40676-bcc6-49f8-81c0-19bc0bcbabd4-medium.png","largeIconUri":"/7206697084162575722/Nbeae9019-d81d-47a2-bc74-89329b15b108-large.png","wideIconUri":"/7206697084162575722/Neb5fe830-2a69-45dd-9e33-5cf0f17ef3d1-wide.png"},"connectionReferences":{"53250224-0780-4671-8d62-6a8dd8f900bb":{"id":"352f249d-48c4-4fbc-a234-8accd3c486a3","displayName":"decode 2020","iconUri":"https://prodapiicons.cdn.powerappscdn.net/20200618t000000z805f0c0b948f401a8290d50345df4941/customconnectoricon.png","dataSources":["decode2020"],"dependencies":[],"dependents":[],"parameterHints":{},"isOnPremiseConnection":false,"bypassConsent":false,"dataSets":{},"apiTier":"Standard","isCustomApiConnection":true}},"databaseReferences":{},"almMode":"Environment","performanceOptimizationEnabled":true,"canConsumeAppPass":true},"isAppComponentLibrary":false,"appType":"ClassicCanvasApp","appComponents":[]}}