{"schemaVersion":"1.0","appDefinitionTemplate":{"id":"/providers/Microsoft.PowerApps/apps/","type":"Microsoft.PowerApps/apps","tags":{"primaryDeviceWidth":"1366","primaryDeviceHeight":"768","sienaVersion":"20200624T082318Z-3.20053.25.0","deviceCapabilities":"","supportsPortrait":"false","supportsLandscape":"true","primaryFormFactor":"Tablet","publisherVersion":"3.20053.25","minimumRequiredApiVersion":"2.2.0","hasComponent":"false","hasUnlockedComponent":"false","isUnifiedRootApp":"false"},"properties":{"appVersion":"2020-06-24T08:23:18Z","lifeCycleId":"Published","createdByClientVersion":{"major":3,"minor":20053,"build":25,"revision":0,"majorRevision":0,"minorRevision":0},"minClientVersion":{"major":3,"minor":20053,"build":25,"revision":0,"majorRevision":0,"minorRevision":0},"backgroundColor":"rgba(37, 62, 143, 1)","backgroundImageUri":"/16253902649153714317/Nfff4f066-8c5a-4ad1-be28-50b5e194b07d-logoSmallFile","displayName":"decode 非公式セッション検索アプリ","description":"","commitMessage":"","appUris":{"documentUri":{"value":"/16253902649153714317/N4ffdad46-937b-4fe2-86b3-2222ca704d06-document.msapp","readonlyValue":"/16253902649153714317/N4ffdad46-937b-4fe2-86b3-2222ca704d06-document.msapp"},"imageUris":[]},"createdTime":"0001-01-01T00:00:00Z","lastModifiedTime":"0001-01-01T00:00:00Z","sharedGroupsCount":0,"sharedUsersCount":0,"icons":{"smallIconUri":"/16253902649153714317/Nead58fe6-d630-4d27-9c8d-39943976be39-small.png","mediumIconUri":"/16253902649153714317/Nee109c23-e4ce-4861-b7e6-05050b732786-medium.png","largeIconUri":"/16253902649153714317/N8a408691-5b08-4e7c-801f-67b0196d55d0-large.png","wideIconUri":"/16253902649153714317/Nc56ab6e5-9e1d-4a2a-b88c-f3679544ea36-wide.png"},"connectionReferences":{"53250224-0780-4671-8d62-6a8dd8f900bb":{"id":"1881186d-3102-4030-a1f0-ca358268a43a","displayName":"decode2020","iconUri":"https://az787822.vo.msecnd.net/defaulticons/api-dedicated.png","dataSources":["decode2020"],"dependencies":[],"dependents":[],"parameterHints":{},"isOnPremiseConnection":false,"bypassConsent":false,"dataSets":{},"apiTier":"Standard","isCustomApiConnection":true},"b0936747-b648-459b-acb2-13a6545732b0":{"id":"c1c8cad9-dfc8-4018-bb22-f2a0822b68e0","displayName":"Twitter","iconUri":"https://connectoricons-prod.azureedge.net/twitter/icon_1.0.1335.1964.png","dataSources":["Twitter"],"dependencies":[],"dependents":[],"parameterHints":{},"isOnPremiseConnection":false,"bypassConsent":false,"dataSets":{},"apiTier":"Standard","isCustomApiConnection":false}},"databaseReferences":{},"almMode":"Environment","performanceOptimizationEnabled":true,"canConsumeAppPass":true},"isAppComponentLibrary":false,"appType":"ClassicCanvasApp","appComponents":[]}}